<vector xmlns:android="http://schemas.android.com/apk/res/android"
    xmlns:aapt="http://schemas.android.com/aapt"
    android:width="375dp"
    android:height="176dp"
    android:viewportWidth="375"
    android:viewportHeight="176">
    <path
        android:pathData="M0,4h375v171h-375z"
        android:fillColor="#ffffff"/>
    <path
        android:pathData="M0,4h375v171h-375z"
        android:fillAlpha="0.8">
        <aapt:attr name="android:fillColor">
            <gradient
                android:startX="222.44"
                android:startY="-64.63"
                android:endX="25.13"
                android:endY="234.89"
                android:type="linear">
                <item android:offset="0" android:color="#FF81DAF2"/>
                <item android:offset="0.23" android:color="#FFF4EEA6"/>
                <item android:offset="0.48" android:color="#FFFED15A"/>
                <item android:offset="0.64" android:color="#FFFFB152"/>
                <item android:offset="0.81" android:color="#FFFF9A90"/>
                <item android:offset="1" android:color="#FFFF8E9F"/>
            </gradient>
        </aapt:attr>
    </path>
    <path
        android:strokeWidth="1"
        android:pathData="M291.24,1L354,33.94L216.07,172"
        android:fillColor="#00000000"
        android:strokeColor="#F0E696"/>
    <path
        android:pathData="M277.14,55.79l44.23,30.97l-30.97,44.23l-44.23,-30.97z"
        android:strokeAlpha="0.767612"
        android:fillColor="#FBD400"
        android:fillAlpha="0.767612"/>
    <path
        android:pathData="M288.59,55.65l42.6,29.83l-29.83,42.6l-42.6,-29.83z"
        android:strokeWidth="2"
        android:fillColor="#00000000"
        android:strokeColor="#ffffff"/>
    <path
        android:pathData="M4.64,103a105.68,72 0,1 0,211.36 0a105.68,72 0,1 0,-211.36 0z"
        android:strokeAlpha="0.519927"
        android:strokeWidth="2"
        android:fillColor="#00000000"
        android:strokeColor="#EED35C"
        android:fillAlpha="0.519927"/>
    <path
        android:pathData="M225.57,49.73V47.67H229.8V43.2H232.05V47.67H236.26V49.73H232.05V54.17H229.8V49.73H225.57Z"
        android:fillColor="#ffffff"/>
    <path
        android:pathData="M282.57,90.73V88.67H286.8V84.2H289.05V88.67H293.26V90.73H289.05V95.17H286.8V90.73H282.57Z"
        android:fillColor="#ffffff"/>
    <path
        android:pathData="M354.57,45.73V43.67H358.8V39.2H361.05V43.67H365.26V45.73H361.05V50.17H358.8V45.73H354.57Z"
        android:strokeAlpha="0.723907"
        android:fillColor="#ffffff"
        android:fillAlpha="0.723907"/>
    <path
        android:pathData="M354.57,85.73V83.67H358.8V79.2H361.05V83.67H365.26V85.73H361.05V90.17H358.8V85.73H354.57Z"
        android:strokeAlpha="0.263406"
        android:fillColor="#84C8BB"
        android:fillAlpha="0.263406"/>
    <path
        android:pathData="M179.5,55.5m-8.5,0a8.5,8.5 0,1 1,17 0a8.5,8.5 0,1 1,-17 0"
        android:fillColor="#87CFD4"/>
    <path
        android:pathData="M354,66m-6,0a6,6 0,1 1,12 0a6,6 0,1 1,-12 0"
        android:strokeAlpha="0.293086"
        android:fillColor="#87CFD4"
        android:fillAlpha="0.293086"/>
</vector>
