{
    "theme_information": {
      "theme_thumbnail": "icon_theme_thumbnail"
    },
    "home_shortcut": {
      "favorite_promotion": "icon_shortcut_favorite_promotion_default",
      "qr_scan": "icon_shortcut_qr_scan_default",
      "pay_bill": "icon_shortcut_pay_bill_default",
      "tracking_promotion": "icon_shortcut_tracking_promotion_default"
    },
    "main_menu_bar_icon": {
      "home_default": "icon_menu_bar_home_default",
      "home_active": "icon_menu_bar_home_active",
      "account_default": "icon_menu_bar_account_default",
      "account_active": "icon_menu_bar_account_active",
      "promotion_default": "icon_menu_bar_promotion_default",
      "promotion_active": "icon_menu_bar_promotion_active",
      "coupon_default": "icon_menu_bar_coupon_default",
      "coupon_active": "icon_menu_bar_coupon_active",
      "more_default": "icon_menu_bar_more_default",
      "more_active": "icon_menu_bar_more_active"
    },
    "main_menu_bar_indicator": {
      "home": "#8F74D4",
      "account": "#6ACC9C",
      "promotion": "#DE6578",
      "coupon": "#F5C62F",
      "more": "#68D1DC"
    },
    "navigation_header": {
      "home_header_default": "bg_header_home_default",
      "home_header_scrolled": "bg_header_home_scrolled",
      "account_header_default": "bg_header_account_default",
      "account_header_scrolled": "bg_header_account_scrolled",
      "more_header_default": "bg_header_more_default",
      "more_header_scrolled": "bg_header_more_scrolled",
      "theme_list_header_default": "bg_theme_list_header_default"
    },
    "navigation_background_color": {
      "promotion": "#FAB7C2",
      "coupon": "#FDEBAB"
    },
    "content_background_color": {
      "main_menu_bar": "#FFFBF1"
    },
    "navigation_icon": {
      "profile_home": "icon_profile_home_default",
      "notification_home": "icon_notification_home_default",
      "search_home": "icon_search_home_default",
      "profile_more": "icon_profile_more_default"
    }
  }