{
  "homeShortcut": {
    "favoritePromotion": "icon_shortcut_tracking_promotion",
    "scan": "icon_shortcut_scan",
    "payBill": "icon_shortcut_pay_bill",
    "trackingPromotion": "icon_shortcut_tracking_promotion"
  },
  "mainTabBar": {
    "homeDefault": "icon_menu_bar_home_default",
    "homeActive": "icon_menu_bar_home_active",
    "accountDefault": "icon_menu_bar_account_default",
    "accountActive": "icon_menu_bar_account_active",
    "promotionDefault": "icon_menu_bar_promotion_default",
    "promotionActive": "icon_menu_bar_promotion_active",
    "couponDefault": "icon_menu_bar_coupon_default",
    "couponActive": "icon_menu_bar_coupon_active",
    "moreDefault": "icon_menu_bar_more_default",
    "moreActive": "icon_menu_bar_more_active"
  },
  "navigation": {
    "home": "bg_header_home",
    "homeScrolled": "bg_header_home_scrolled",
    "account": "bg_header_account",
    "accountScrolled": "bg_header_account_scrolled",
    "more": "bg_header_more",
    "moreScrolled": "bg_header_more_scrolled",
    "profile": "icon_profile",
    "profileMore": "icon_profile_pic_more",
    "promotionHistory": "icon_history_promotion",
    "theme": "bg_header_theme",
    "themeDetail": "bg_header_theme_detail"
  },
  "colorNavigationTitle": {
    "home": "#3E8F49",
    "account": "#B94F61",
    "promotion": "#FF8F1C",
    "coupon": "#0382BB",
    "more": "#0382BB",
    "themeList": "#F96E69",
    "themeDetail": "#F96E69"
  },
  "colorNavigationBar": {
    "promotion": "#FF8F1C",
    "coupon": "#0382BB"
  },
  "colorIndicatorTabMenu": {
    "home": "#8F74D4",
    "account": "#6ACC9C",
    "promotion": "#DE6578",
    "coupon": "#F5C62F",
    "more": "#68D1DC"
  }
}
